DROP TABLE PRACOWNICY cascade constraints;
DROP TABLE ZESPOLY cascade constraints;
DROP TABLE ETATY cascade constraints;

CREATE TABLE ZESPOLY
	(ID_ZESP NUMBER(4) CONSTRAINT PK_ZESP PRIMARY KEY,
	NAZWA VARCHAR2(20),
	ADRES VARCHAR2(20) );

CREATE TABLE ETATY
      ( NAZWA VARCHAR2(10) CONSTRAINT PK_ETAT PRIMARY KEY,
	PLACA_MIN NUMBER(6,2),
	PLACA_MAX NUMBER(6,2));

CREATE TABLE PRACOWNICY
       (ID_PRAC NUMBER(6) CONSTRAINT PK_PRAC PRIMARY KEY,
	NAZWISKO VARCHAR2(15),
	ETAT VARCHAR2(10) CONSTRAINT FK_ETAT REFERENCES ETATY(NAZWA),
	ID_SZEFA NUMBER(6) CONSTRAINT FK_ID_SZEFA REFERENCES PRACOWNICY(ID_PRAC),
	ZATRUDNIONY DATE,
	PLACA_POD NUMBER(6,2) CONSTRAINT MIN_PLACA_POD CHECK(PLACA_POD>100),
	PLACA_DOD NUMBER(6,2),
	ID_ZESP NUMBER(4) CONSTRAINT FK_ID_ZESP REFERENCES ZESPOLY(ID_ZESP));

INSERT INTO ZESPOLY VALUES (10,'ADMINISTRACJA',      'PIOTROWO 3A');
INSERT INTO ZESPOLY VALUES (20,'SYSTEMY ROZPROSZONE','PIOTROWO 3A');
INSERT INTO ZESPOLY VALUES (30,'SYSTEMY EKSPERCKIE', 'STRZELECKA 14');
INSERT INTO ZESPOLY VALUES (40,'ALGORYTMY',          'WLODKOWICA 16');
INSERT INTO ZESPOLY VALUES (50,'BADANIA OPERACYJNE', 'MIELZYNSKIEGO 30');

INSERT INTO ETATY VALUES ('PROFESOR'  ,800.00,1500.00);
INSERT INTO ETATY VALUES ('ADIUNKT'   ,510.00, 750.00);
INSERT INTO ETATY VALUES ('ASYSTENT'  ,300.00, 500.00);
INSERT INTO ETATY VALUES ('STAZYSTA'  ,150.00, 250.00);
INSERT INTO ETATY VALUES ('SEKRETARKA',270.00, 450.00);
INSERT INTO ETATY VALUES ('DYREKTOR' ,1280.00,2100.00);
 
INSERT INTO PRACOWNICY VALUES (100,'WEGLARZ'    ,'DYREKTOR'  ,NULL,to_date('01-01-1968','DD-MM-YYYY'),1730.00,420.50,10);
INSERT INTO PRACOWNICY VALUES (110,'BLAZEWICZ'  ,'PROFESOR'  ,100 ,to_date('01-05-1973','DD-MM-YYYY'),1350.00,210.00,40);
INSERT INTO PRACOWNICY VALUES (120,'SLOWINSKI'  ,'PROFESOR'  ,100 ,to_date('01-09-1977','DD-MM-YYYY'),1070.00,  NULL,30);
INSERT INTO PRACOWNICY VALUES (130,'BRZEZINSKI' ,'PROFESOR'  ,100 ,to_date('01-07-1968','DD-MM-YYYY'), 960.00,  NULL,20);
INSERT INTO PRACOWNICY VALUES (140,'MORZY'      ,'PROFESOR'  ,130 ,to_date('15-09-1975','DD-MM-YYYY'), 830.00,105.00,20);
INSERT INTO PRACOWNICY VALUES (150,'KROLIKOWSKI','ADIUNKT'   ,130 ,to_date('01-09-1977','DD-MM-YYYY'), 645.50,  NULL,20);
INSERT INTO PRACOWNICY VALUES (160,'KOSZLAJDA'  ,'ADIUNKT'   ,130 ,to_date('01-03-1985','DD-MM-YYYY'), 590.00,  NULL,20);
INSERT INTO PRACOWNICY VALUES (170,'JEZIERSKI'  ,'ASYSTENT'  ,130 ,to_date('01-10-1992','DD-MM-YYYY'), 439.70, 80.50,20);
INSERT INTO PRACOWNICY VALUES (190,'MATYSIAK'   ,'ASYSTENT'  ,140 ,to_date('01-09-1993','DD-MM-YYYY'), 371.00,  NULL,20);
INSERT INTO PRACOWNICY VALUES (180,'MAREK'      ,'SEKRETARKA',100 ,to_date('20-02-1985','DD-MM-YYYY'), 410.20,  NULL,10);
INSERT INTO PRACOWNICY VALUES (200,'ZAKRZEWICZ' ,'STAZYSTA'  ,140 ,to_date('15-07-1994','DD-MM-YYYY'), 208.00,  NULL,30);
INSERT INTO PRACOWNICY VALUES (210,'BIALY'      ,'STAZYSTA'  ,130 ,to_date('15-10-1993','DD-MM-YYYY'), 250.00,170.60,30);
INSERT INTO PRACOWNICY VALUES (220,'KONOPKA'    ,'ASYSTENT'  ,110 ,to_date('01-10-1993','DD-MM-YYYY'), 480.00,  NULL,20);
INSERT INTO PRACOWNICY VALUES (230,'HAPKE'      ,'ASYSTENT'  ,120 ,to_date('01-09-1992','DD-MM-YYYY'), 480.00, 90.00,30);
 

COMMIT;

-- Zadanie-1
CREATE TYPE SAMOCHOD AS OBJECT 
   (MARKA VARCHAR2(20),
    MODEL VARCHAR2(20),
    KILOMETRY NUMBER,
    DATA_PRODU DATE,
    CENA NUMBER(10, 2));

DESC SAMOCHOD;


CREATE TABLE SAMOCHODY OF SAMOCHOD;

INSERT INTO SAMOCHODY VALUES
    (NEW SAMOCHOD('FIAT', 'BRAVA', 60000, DATE '1999-11-30', 25000));
INSERT INTO SAMOCHODY VALUES   
    (NEW SAMOCHOD('FORD', 'MONDEO', 80000, DATE '1997-05-10', 45000));
INSERT INTO SAMOCHODY VALUES
    (NEW SAMOCHOD('MAZDA', '323', 12000, DATE '2000-09-22', 52000));


SELECT * FROM SAMOCHODY;

-- Zadanie-2
CREATE TYPE WLASCICIEL AS OBJECT 
   (IMIE VARCHAR2(100),
    NAZWISKO VARCHAR2(100),
    AUTO SAMOCHOD);

DESC WLASCICIEL;


CREATE TABLE WLASCICIELE OF WLASCICIEL;

INSERT INTO WLASCICIELE VALUES
    (NEW WLASCICIEL('JAN', 'KOWALSKI', NEW SAMOCHOD('FIAT', 'SEICENTO', 30000, DATE '2010-12-02', 19500)));
    
INSERT INTO WLASCICIELE VALUES
    (NEW WLASCICIEL('ADAM', 'NOWAK', NEW SAMOCHOD('OPEL', 'ASTRA', 34000, DATE '2009-06-01', 33700)));


SELECT * FROM WLASCICIELE;

-- Zadanie-3
ALTER TYPE SAMOCHOD REPLACE AS OBJECT 
   (MARKA VARCHAR2(20),
    MODEL VARCHAR2(20),
    KILOMETRY NUMBER,
    DATA_PRODU DATE,
    CENA NUMBER(10, 2),
    MEMBER FUNCTION WARTOSC RETURN NUMBER);

CREATE OR REPLACE TYPE BODY SAMOCHOD AS
    MEMBER FUNCTION WARTOSC RETURN NUMBER IS
    BEGIN
        RETURN ROUND(CENA * POWER(0.9, EXTRACT(YEAR FROM CURRENT_DATE) - EXTRACT(YEAR FROM DATA_PRODU)), 2);
    END WARTOSC;
END;


SELECT S.MARKA, S.MODEL, S.CENA, S.DATA_PRODU, S.WARTOSC() FROM SAMOCHODY S;

-- Zadanie-4
ALTER TYPE SAMOCHOD ADD MAP MEMBER FUNCTION ODWZORUJ RETURN NUMBER CASCADE INCLUDING TABLE DATA;

CREATE OR REPLACE TYPE BODY SAMOCHOD AS
    MEMBER FUNCTION WARTOSC RETURN NUMBER IS
    BEGIN
        RETURN ROUND(CENA * POWER(0.9, EXTRACT(YEAR FROM CURRENT_DATE) - EXTRACT(YEAR FROM DATA_PRODU)), 2);
    END WARTOSC;
    
    MAP MEMBER FUNCTION ODWZORUJ RETURN NUMBER IS
    BEGIN
        RETURN ROUND(EXTRACT(YEAR FROM CURRENT_DATE) - EXTRACT(YEAR FROM DATA_PRODU) + (KILOMETRY / 10000), 2);
    END ODWZORUJ;
END;

SELECT * FROM SAMOCHODY S ORDER BY VALUE(S);

-- Zadanie-5
CREATE TYPE WLASCICIEL2 AS OBJECT (
    IMIE VARCHAR2(100),
    NAZWISKO VARCHAR2(100)
);

CREATE TABLE WLASCICIELE2 OF WLASCICIEL2;

INSERT INTO WLASCICIELE2 VALUES (NEW WLASCICIEL2('JAN', 'KOWALSKI'));

CREATE TYPE SAMOCHOD2 AS OBJECT (
    MARKA VARCHAR2(20),
    MODEL VARCHAR2(20),
    KILOMETRY NUMBER,
    DATA_PRODU DATE,
    CENA NUMBER(10, 2),
    WLASCICIEL REF WLASCICIEL2
);

CREATE TABLE SAMOCHODY2 OF SAMOCHOD2;


INSERT INTO SAMOCHODY2 VALUES   
    (NEW SAMOCHOD2('FORD', 'MONDEO', 80000, DATE '1997-05-10', 45000, NULL));

INSERT INTO SAMOCHODY2 VALUES   
    (NEW SAMOCHOD2('MAZDA', '323', 12000, DATE '2000-09-22', 52000, NULL));

INSERT INTO SAMOCHODY2 VALUES   
     (NEW SAMOCHOD2('FIAT', 'BRAVA', 60000, DATE '1999-11-30', 25000, NULL));
     
UPDATE SAMOCHODY2 S
SET S.WLASCICIEL = (
    SELECT REF(W) FROM WLASCICIELE2 W
    WHERE W.NAZWISKO = 'KOWALSKI');


SELECT * FROM SAMOCHODY2;

-- Zadanie-6
SET SERVEROUTPUT ON SIZE 30000;
DECLARE
    TYPE t_przedmioty IS VARRAY(10) OF VARCHAR2(20);
    moje_przedmioty t_przedmioty := t_przedmioty('');
    
BEGIN
    moje_przedmioty(1) := 'MATEMATYKA';
    moje_przedmioty.EXTEND(9);
    
    FOR i IN 2..10 LOOP
        moje_przedmioty(i) := 'PRZEDMIOT_' || i;
    END LOOP;
    
    FOR i IN moje_przedmioty.FIRST()..moje_przedmioty.LAST() LOOP
        DBMS_OUTPUT.PUT_LINE(moje_przedmioty(i));
    END LOOP;
    
    moje_przedmioty.TRIM(2);
    
    FOR i IN moje_przedmioty.FIRST()..moje_przedmioty.LAST() LOOP
        DBMS_OUTPUT.PUT_LINE(moje_przedmioty(i));
    END LOOP;
    
    DBMS_OUTPUT.PUT_LINE('Limit: ' || moje_przedmioty.LIMIT());
    DBMS_OUTPUT.PUT_LINE('Liczba elementow: ' || moje_przedmioty.COUNT());
    
    moje_przedmioty.EXTEND();
    moje_przedmioty(9) := 9;
    
    DBMS_OUTPUT.PUT_LINE('Limit: ' || moje_przedmioty.LIMIT());
    DBMS_OUTPUT.PUT_LINE('Liczba elementow: ' || moje_przedmioty.COUNT());
    
    moje_przedmioty.DELETE();
    
    DBMS_OUTPUT.PUT_LINE('Limit: ' || moje_przedmioty.LIMIT());
    DBMS_OUTPUT.PUT_LINE('Liczba elementow: ' || moje_przedmioty.COUNT());
END;

-- Zadanie-7
DECLARE
    TYPE t_ksiazki is varray(5) of varchar2(50);
    moje_ksiazki t_ksiazki := t_ksiazki('title');
BEGIN
    FOR i IN moje_ksiazki.first()..moje_ksiazki.last() LOOP
        DBMS_OUTPUT.PUT_LINE(moje_ksiazki(i));
    END LOOP;
    DBMS_OUTPUT.PUT_LINE('Limit: ' || moje_ksiazki.limit());
    DBMS_OUTPUT.PUT_LINE('Liczba elementow: ' || moje_ksiazki.count());
    
    moje_ksiazki.extend(4);
    moje_ksiazki(2) := 'Jakas ksiazka';
    FOR i IN 3..5 LOOP
        moje_ksiazki(i) := 'Book_' || i;
    END LOOP;
    
    FOR i IN moje_ksiazki.first()..moje_ksiazki.last() LOOP
        DBMS_OUTPUT.PUT_LINE(moje_ksiazki(i));
    END LOOP;
    DBMS_OUTPUT.PUT_LINE('Limit: ' || moje_ksiazki.limit());
    DBMS_OUTPUT.PUT_LINE('Liczba elementow: ' || moje_ksiazki.count());
    
    moje_ksiazki.trim(1);
    FOR i IN moje_ksiazki.first()..moje_ksiazki.last() LOOP
        DBMS_OUTPUT.PUT_LINE(moje_ksiazki(i));
    END LOOP;
    DBMS_OUTPUT.PUT_LINE('Limit: ' || moje_ksiazki.limit());
    DBMS_OUTPUT.PUT_LINE('Liczba elementow: ' || moje_ksiazki.count());

END;

-- Zadanie-8
DECLARE
    TYPE t_wykladowcy IS TABLE OF VARCHAR2(20);
    moi_wykladowcy t_wykladowcy := t_wykladowcy();

BEGIN
    moi_wykladowcy.EXTEND(2);
    moi_wykladowcy(1) := 'MORZY';
    moi_wykladowcy(2) := 'WOJCIECHOWSKI';
    moi_wykladowcy.EXTEND(8);
    
    FOR i IN 3..10 LOOP
        moi_wykladowcy(i) := 'WYKLADOWCA_' || i;
    END LOOP;
    
    FOR i IN moi_wykladowcy.FIRST()..moi_wykladowcy.LAST() LOOP
        DBMS_OUTPUT.PUT_LINE(moi_wykladowcy(i));
    END LOOP;
    
    moi_wykladowcy.TRIM(2);
    
    FOR i IN moi_wykladowcy.FIRST()..moi_wykladowcy.LAST() LOOP
        DBMS_OUTPUT.PUT_LINE(moi_wykladowcy(i));
    END LOOP;
    
    moi_wykladowcy.DELETE(5,7);
    DBMS_OUTPUT.PUT_LINE('Limit: ' || moi_wykladowcy.LIMIT());
    DBMS_OUTPUT.PUT_LINE('Liczba elementow: ' || moi_wykladowcy.COUNT());
    
    FOR i IN moi_wykladowcy.FIRST()..moi_wykladowcy.LAST() LOOP
        IF moi_wykladowcy.EXISTS(i) THEN
            DBMS_OUTPUT.PUT_LINE(moi_wykladowcy(i));
        END IF;
    END LOOP;
    
    moi_wykladowcy(5) := 'ZAKRZEWICZ';
    moi_wykladowcy(6) := 'KROLIKOWSKI';
    moi_wykladowcy(7) := 'KOSZLAJDA';
    
    FOR i IN moi_wykladowcy.FIRST()..moi_wykladowcy.LAST() LOOP
        IF moi_wykladowcy.EXISTS(i) THEN
            DBMS_OUTPUT.PUT_LINE(moi_wykladowcy(i));
        END IF;
    END LOOP;
    
    DBMS_OUTPUT.PUT_LINE('Limit: ' || moi_wykladowcy.LIMIT());
    DBMS_OUTPUT.PUT_LINE('Liczba elementow: ' || moi_wykladowcy.COUNT());
END;

-- Zadanie-9
DECLARE
    TYPE t_miesiace is table of varchar2(20);
    moje_miesiace t_miesiace := t_miesiace();

BEGIN
    moje_miesiace.extend(12);
    moje_miesiace(1) := 'styczen';
    moje_miesiace(2) := 'luty';
    moje_miesiace(3) := 'marzec';
    moje_miesiace(4) := 'kwiecien';
    moje_miesiace(5) := 'maj';
    moje_miesiace(6) := 'czerwiec';
    
    FOR i IN 7..12 LOOP
        moje_miesiace(i) := 'Miesiac_' || i;
    END LOOP;
    
    FOR i IN moje_miesiace.first()..moje_miesiace.last() LOOP
        IF moje_miesiace.exists(i) then
            DBMS_OUTPUT.PUT_LINE(moje_miesiace(i));
        END IF;
    END LOOP;
    
    moje_miesiace.delete(7, 12);
    moje_miesiace(7) := 'lipiec';
    
    FOR i IN moje_miesiace.first()..moje_miesiace.last() LOOP
        IF moje_miesiace.exists(i) then
            DBMS_OUTPUT.PUT_LINE(moje_miesiace(i));
        END IF;
    END LOOP;
END;

-- Zadanie-10
CREATE TYPE jezyki_obce AS VARRAY(10) OF VARCHAR2(20);
/

CREATE TYPE stypendium AS OBJECT (
    nazwa VARCHAR2(50),
    kraj VARCHAR2(30),
    jezyki jezyki_obce 
);
/

CREATE TABLE stypendia OF stypendium;

INSERT INTO stypendia VALUES
('SOKRATES','FRANCJA',jezyki_obce('ANGIELSKI','FRANCUSKI','NIEMIECKI'));
INSERT INTO stypendia VALUES
('ERASMUS','NIEMCY',jezyki_obce('ANGIELSKI','NIEMIECKI','HISZPANSKI'));

SELECT * FROM stypendia;

SELECT s.jezyki FROM stypendia s;

UPDATE STYPENDIA
SET jezyki = jezyki_obce('ANGIELSKI','NIEMIECKI','HISZPANSKI','FRANCUSKI')
WHERE nazwa = 'ERASMUS';

CREATE TYPE lista_egzaminow AS TABLE OF VARCHAR2(20);
/

CREATE TYPE semestr AS OBJECT (
    numer NUMBER,
    egzaminy lista_egzaminow );
/

CREATE TABLE semestry OF semestr
NESTED TABLE egzaminy STORE AS tab_egzaminy;

INSERT INTO semestry VALUES
(semestr(1,lista_egzaminow('MATEMATYKA','LOGIKA','ALGEBRA')));
INSERT INTO semestry VALUES
(semestr(2,lista_egzaminow('BAZY DANYCH','SYSTEMY OPERACYJNE')));

SELECT s.numer, e.*
FROM semestry s, TABLE(s.egzaminy) e;

SELECT e.*
FROM semestry s, TABLE ( s.egzaminy ) e;

SELECT * FROM TABLE ( SELECT s.egzaminy FROM semestry s WHERE numer=1 );

INSERT INTO TABLE ( SELECT s.egzaminy FROM semestry s WHERE numer=2 )
VALUES ('METODY NUMERYCZNE');

UPDATE TABLE ( SELECT s.egzaminy FROM semestry s WHERE numer=2 ) e
SET e.column_value = 'SYSTEMY ROZPROSZONE'
WHERE e.column_value = 'SYSTEMY OPERACYJNE';

DELETE FROM TABLE ( SELECT s.egzaminy FROM semestry s WHERE numer=2 ) e
WHERE e.column_value = 'BAZY DANYCH';

-- Zadanie-11
CREATE TYPE koszyk_produktow AS TABLE OF VARCHAR2(20); 

create TYPE zakup as object (
    osoba varchar2(50),
    produkty koszyk_produktow
);
/

create table zakupy of zakup
nested table produkty store as tab_produkty;

insert into zakupy values
(zakup('Jan Kowalski', koszyk_produktow('maslo', 'chleb', 'mleko')));
insert into zakupy values
(zakup('Adam Malysz', koszyk_produktow('cytryna', 'herbata', 'czekolada')));
insert into zakupy values
(zakup('Adam Nowak', koszyk_produktow('chleb', 'smalec')));

select * from zakupy;

delete from zakupy 
where osoba IN (
    select osoba
    from zakupy z, table(z.produkty) p
    where p.column_value = 'smalec'
);

-- Zadanie-12
CREATE TYPE instrument AS OBJECT (
    nazwa VARCHAR2(20),
    dzwiek VARCHAR2(20),
    MEMBER FUNCTION graj RETURN VARCHAR2) NOT FINAL;

CREATE TYPE BODY instrument AS
    MEMBER FUNCTION graj RETURN VARCHAR2 IS
    BEGIN
        RETURN dzwiek;
    END;
END;
/

CREATE TYPE instrument_dety UNDER instrument (
    material VARCHAR2(20),
    OVERRIDING MEMBER FUNCTION graj RETURN VARCHAR2,
    MEMBER FUNCTION graj(glosnosc VARCHAR2) RETURN VARCHAR2 
);

CREATE OR REPLACE TYPE BODY instrument_dety AS
    OVERRIDING MEMBER FUNCTION graj RETURN VARCHAR2 IS
    BEGIN
        RETURN 'dmucham: '||dzwiek;
    END;
    MEMBER FUNCTION graj(glosnosc VARCHAR2) RETURN VARCHAR2 IS
    BEGIN
        RETURN glosnosc||':'||dzwiek;
    END;
END;
/

CREATE TYPE instrument_klawiszowy UNDER instrument (
    producent VARCHAR2(20),
    OVERRIDING MEMBER FUNCTION graj RETURN VARCHAR2 
);
    
CREATE OR REPLACE TYPE BODY instrument_klawiszowy AS
    OVERRIDING MEMBER FUNCTION graj RETURN VARCHAR2 IS
    BEGIN
        RETURN 'stukam w klawisze: '||dzwiek;
    END;
END;
/

DECLARE
    tamburyn instrument := instrument('tamburyn','brzdek-brzdek');
    trabka instrument_dety := instrument_dety('trabka','tra-ta-ta','metalowa');
    fortepian instrument_klawiszowy := instrument_klawiszowy('fortepian','ping-ping','steinway');
BEGIN
    DBMS_OUTPUT.PUT_LINE(tamburyn.graj);
    DBMS_OUTPUT.PUT_LINE(trabka.graj);
    DBMS_OUTPUT.PUT_LINE(trabka.graj('glosno'));
    DBMS_OUTPUT.PUT_LINE(fortepian.graj);
END;

-- Zadanie-13
CREATE TYPE istota AS OBJECT (
    nazwa VARCHAR2(20),
    NOT INSTANTIABLE MEMBER FUNCTION poluj(ofiara CHAR) RETURN CHAR 
) NOT INSTANTIABLE NOT FINAL;

CREATE TYPE lew UNDER istota (
    liczba_nog NUMBER,
    OVERRIDING MEMBER FUNCTION poluj(ofiara CHAR) RETURN CHAR 
);

CREATE OR REPLACE TYPE BODY lew AS
    OVERRIDING MEMBER FUNCTION poluj(ofiara CHAR) RETURN CHAR IS
    BEGIN
        RETURN 'upolowana ofiara: '||ofiara;
    END;
END;

DECLARE
    KrolLew lew := lew('LEW',4);
--    InnaIstota istota := istota('JAKIES ZWIERZE');
BEGIN
    DBMS_OUTPUT.PUT_LINE( KrolLew.poluj('antylopa') );
END;

-- Zadanie-14

DECLARE
    tamburyn instrument;
    cymbalki instrument;
    trabka instrument_dety;
    saksofon instrument_dety;
BEGIN
    tamburyn := instrument('tamburyn','brzdek-brzdek');
    cymbalki := instrument_dety('cymbalki','ding-ding','metalowe');
    trabka := instrument_dety('trabka','tra-ta-ta','metalowa');
--    saksofon := instrument('saksofon','tra-taaaa');
--    saksofon := TREAT( instrument('saksofon','tra-taaaa') AS instrument_dety);
END;

-- Zadanie-15
CREATE TABLE instrumenty OF instrument;

INSERT INTO instrumenty VALUES ( instrument('tamburyn','brzdek-brzdek') );
INSERT INTO instrumenty VALUES ( instrument_dety('trabka','tra-ta-ta','metalowa'));
INSERT INTO instrumenty VALUES ( instrument_klawiszowy('fortepian','ping-ping','steinway'));

SELECT i.nazwa, i.graj() FROM instrumenty i;

-- Zadanie-16
CREATE TABLE PRZEDMIOTY (
    NAZWA VARCHAR2(50),
    NAUCZYCIEL NUMBER REFERENCES PRACOWNICY(ID_PRAC)
);

INSERT INTO PRZEDMIOTY VALUES ('BAZY DANYCH',100);
INSERT INTO PRZEDMIOTY VALUES ('SYSTEMY OPERACYJNE',100);
INSERT INTO PRZEDMIOTY VALUES ('PROGRAMOWANIE',110);
INSERT INTO PRZEDMIOTY VALUES ('SIECI KOMPUTEROWE',110);
INSERT INTO PRZEDMIOTY VALUES ('BADANIA OPERACYJNE',120);
INSERT INTO PRZEDMIOTY VALUES ('GRAFIKA KOMPUTEROWA',120);
INSERT INTO PRZEDMIOTY VALUES ('BAZY DANYCH',130);
INSERT INTO PRZEDMIOTY VALUES ('SYSTEMY OPERACYJNE',140);
INSERT INTO PRZEDMIOTY VALUES ('PROGRAMOWANIE',140);
INSERT INTO PRZEDMIOTY VALUES ('SIECI KOMPUTEROWE',140);
INSERT INTO PRZEDMIOTY VALUES ('BADANIA OPERACYJNE',150);
INSERT INTO PRZEDMIOTY VALUES ('GRAFIKA KOMPUTEROWA',150);
INSERT INTO PRZEDMIOTY VALUES ('BAZY DANYCH',160);
INSERT INTO PRZEDMIOTY VALUES ('SYSTEMY OPERACYJNE',160);
INSERT INTO PRZEDMIOTY VALUES ('PROGRAMOWANIE',170);
INSERT INTO PRZEDMIOTY VALUES ('SIECI KOMPUTEROWE',180);
INSERT INTO PRZEDMIOTY VALUES ('BADANIA OPERACYJNE',180);
INSERT INTO PRZEDMIOTY VALUES ('GRAFIKA KOMPUTEROWA',190);
INSERT INTO PRZEDMIOTY VALUES ('GRAFIKA KOMPUTEROWA',200);
INSERT INTO PRZEDMIOTY VALUES ('GRAFIKA KOMPUTEROWA',210);
INSERT INTO PRZEDMIOTY VALUES ('PROGRAMOWANIE',220);
INSERT INTO PRZEDMIOTY VALUES ('SIECI KOMPUTEROWE',220);
INSERT INTO PRZEDMIOTY VALUES ('BADANIA OPERACYJNE',230);

-- Zadanie-17
CREATE TYPE ZESPOL AS OBJECT (
    ID_ZESP NUMBER,
    NAZWA VARCHAR2(50),
    ADRES VARCHAR2(100)
);
/

-- Zadanie-18
CREATE OR REPLACE VIEW ZESPOLY_V OF ZESPOL
WITH OBJECT IDENTIFIER(ID_ZESP)
AS SELECT ID_ZESP, NAZWA, ADRES FROM ZESPOLY;

-- Zadanie-19
CREATE TYPE PRZEDMIOTY_TAB AS TABLE OF VARCHAR2(100);
/

CREATE TYPE PRACOWNIK AS OBJECT (
    ID_PRAC NUMBER,
    NAZWISKO VARCHAR2(30),
    ETAT VARCHAR2(20),
    ZATRUDNIONY DATE,
    PLACA_POD NUMBER(10,2),
    MIEJSCE_PRACY REF ZESPOL,
    PRZEDMIOTY PRZEDMIOTY_TAB,
    MEMBER FUNCTION ILE_PRZEDMIOTOW RETURN NUMBER
);
/

CREATE OR REPLACE TYPE BODY PRACOWNIK AS
    MEMBER FUNCTION ILE_PRZEDMIOTOW RETURN NUMBER IS
    BEGIN
        RETURN PRZEDMIOTY.COUNT();
    END ILE_PRZEDMIOTOW;
END;

-- Zadanie-20
CREATE OR REPLACE VIEW PRACOWNICY_V OF PRACOWNIK
WITH OBJECT IDENTIFIER (ID_PRAC)
AS SELECT ID_PRAC, NAZWISKO, ETAT, ZATRUDNIONY, PLACA_POD,
    MAKE_REF(ZESPOLY_V,ID_ZESP),
    CAST(MULTISET( SELECT NAZWA FROM PRZEDMIOTY WHERE NAUCZYCIEL=P.ID_PRAC ) AS PRZEDMIOTY_TAB )
FROM PRACOWNICY P;

-- Zadanie-21
SELECT *
FROM PRACOWNICY_V;

SELECT P.NAZWISKO, P.ETAT, P.MIEJSCE_PRACY.NAZWA
FROM PRACOWNICY_V P;

SELECT P.NAZWISKO, P.ILE_PRZEDMIOTOW()
FROM PRACOWNICY_V P;

SELECT *
FROM TABLE( SELECT PRZEDMIOTY FROM PRACOWNICY_V WHERE NAZWISKO='WEGLARZ' );

SELECT NAZWISKO, CURSOR( SELECT PRZEDMIOTY
FROM PRACOWNICY_V
WHERE ID_PRAC=P.ID_PRAC)
FROM PRACOWNICY_V P;

-- Zadanie-22
CREATE TABLE PISARZE (
    ID_PISARZA NUMBER PRIMARY KEY,
    NAZWISKO VARCHAR2(20),
    DATA_UR DATE 
);

CREATE TABLE KSIAZKI (
    ID_KSIAZKI NUMBER PRIMARY KEY,
    ID_PISARZA NUMBER NOT NULL REFERENCES PISARZE,
    TYTUL VARCHAR2(50),
    DATA_WYDANIE DATE 
);

INSERT INTO PISARZE VALUES(10,'SIENKIEWICZ',DATE '1880-01-01');
INSERT INTO PISARZE VALUES(20,'PRUS',DATE '1890-04-12');
INSERT INTO PISARZE VALUES(30,'ZEROMSKI',DATE '1899-09-11');

INSERT INTO KSIAZKI(ID_KSIAZKI,ID_PISARZA,TYTUL,DATA_WYDANIE) VALUES(10,10,'OGNIEM I MIECZEM',DATE '1990-01-05');
INSERT INTO KSIAZKI(ID_KSIAZKI,ID_PISARZA,TYTUL,DATA_WYDANIE) VALUES(20,10,'POTOP',DATE '1975-12-09');
INSERT INTO KSIAZKI(ID_KSIAZKI,ID_PISARZA,TYTUL,DATA_WYDANIE) VALUES(30,10,'PAN WOLODYJOWSKI',DATE '1987-02-15');
INSERT INTO KSIAZKI(ID_KSIAZKI,ID_PISARZA,TYTUL,DATA_WYDANIE) VALUES(40,20,'FARAON',DATE '1948-01-21');
INSERT INTO KSIAZKI(ID_KSIAZKI,ID_PISARZA,TYTUL,DATA_WYDANIE) VALUES(50,20,'LALKA',DATE '1994-08-01');
INSERT INTO KSIAZKI(ID_KSIAZKI,ID_PISARZA,TYTUL,DATA_WYDANIE) VALUES(60,30,'PRZEDWIOSNIE',DATE '1938-02-02');

CREATE TYPE KSIAZKI_TAB AS TABLE OF VARCHAR2(50);

CREATE OR REPLACE TYPE PISARZ AS OBJECT (
    ID_PISARZA NUMBER,
    NAZWISKO VARCHAR2(20),
    DATA_UR DATE,
    KSIAZKI KSIAZKI_TAB,
    MEMBER FUNCTION LICZBA_KSIAZEK RETURN NUMBER
);

CREATE OR REPLACE TYPE BODY PISARZ AS
    MEMBER FUNCTION LICZBA_KSIAZEK RETURN NUMBER IS
    BEGIN
        RETURN KSIAZKI.COUNT();
    END;
END;

CREATE OR REPLACE TYPE KSIAZKA AS OBJECT (
    ID_KSIAZKI NUMBER,
    AUTOR REF PISARZ,
    TYTUL VARCHAR2(50),
    DATA_WYDANIE DATE,
    MEMBER FUNCTION WIEK RETURN NUMBER
);

CREATE OR REPLACE TYPE BODY KSIAZKA AS
    MEMBER FUNCTION WIEK RETURN NUMBER IS
    BEGIN
        RETURN EXTRACT(YEAR FROM CURRENT_DATE) - EXTRACT(YEAR FROM DATA_WYDANIE);
    END;
END;

CREATE OR REPLACE VIEW PISARZE_WIDOK OF PISARZ WITH OBJECT IDENTIFIER(ID_PISARZA)
AS SELECT ID_PISARZA, NAZWISKO, DATA_UR CAST(MULTISET(
    SELECT TYTUL 
    FROM KSIAZKI 
    WHERE ID_PISARZA = P.ID_PISARZA
) AS KSIAZKI_TAB) FROM PISARZE P;

CREATE OR REPLACE VIEW KSIAZKI_WIDOK OF KSIAZKA WITH OBJECT IDENTIFIER(ID_KSIAZKI)
AS SELECT ID_KSIAZKI, MAKE_REF(PISARZE_WIDOK, ID_PISARZA), TYTUL, DATA_WYDANIE FROM KSIAZKI;

SELECT K.TYTUL, K.DATA_WYDANIE, K.AUTOR, K.WIEK() FROM KSIAZKI_WIDOK K;

SELECT * FROM PISARZE_WIDOK P;

-- Zadanie-23
CREATE TYPE AUTO AS OBJECT (
    MARKA VARCHAR2(20),
    MODEL VARCHAR2(20),
    KILOMETRY NUMBER,
    DATA_PRODUKCJI DATE,
    CENA NUMBER(10,2),
    MEMBER FUNCTION WARTOSC RETURN NUMBER
) NOT FINAL;

CREATE OR REPLACE TYPE BODY AUTO AS
    MEMBER FUNCTION WARTOSC RETURN NUMBER IS
        WIEK NUMBER;
        WARTOSC NUMBER;
    BEGIN
        WIEK := ROUND(MONTHS_BETWEEN(SYSDATE,DATA_PRODUKCJI)/12);
        WARTOSC := CENA - (WIEK * 0.1 * CENA);
        IF (WARTOSC < 0) THEN
            WARTOSC := 0;
        END IF;
        RETURN WARTOSC;
    END WARTOSC;
END;

CREATE TABLE AUTA OF AUTO;

INSERT INTO AUTA VALUES (AUTO('FIAT','BRAVA',60000,DATE '1999-11-30',25000));
INSERT INTO AUTA VALUES (AUTO('FORD','MONDEO',80000,DATE '1997-05-10',45000));
INSERT INTO AUTA VALUES (AUTO('MAZDA','323',12000,DATE '2000-09-22',52000));

CREATE OR REPLACE TYPE AUTO_OSOBOWE UNDER AUTO (
    LICZBA_MIEJSC NUMBER,
    KLIMATYZACJA NUMBER(1),
    OVERRIDING MEMBER FUNCTION WARTOSC RETURN NUMBER
);

CREATE OR REPLACE TYPE BODY AUTO_OSOBOWE AS 
    OVERRIDING MEMBER FUNCTION WARTOSC RETURN NUMBER IS
        WARTOSC NUMBER;
    BEGIN
        WARTOSC := (SELF AS AUTO).WARTOSC();
        IF (KLIMATYZACJA > 0) THEN
            WARTOSC := WARTOSC * 1.5;
        END IF;
        
        RETURN WARTOSC;
    END;
END;

CREATE OR REPLACE TYPE AUTO_CIEZAROWE UNDER AUTO (
    MAX_LADOWNOSC NUMBER,
    OVERRIDING MEMBER FUNCTION WARTOSC RETURN NUMBER
);

CREATE OR REPLACE TYPE BODY AUTO_CIEZAROWE AS 
    OVERRIDING MEMBER FUNCTION WARTOSC RETURN NUMBER IS
        WARTOSC NUMBER;
    BEGIN
        WARTOSC := (SELF AS AUTO).WARTOSC();
        IF (MAX_LADOWNOSC > 10000) THEN
            WARTOSC := WARTOSC * 2;
        END IF;
        
        RETURN WARTOSC;
    END;
END;

INSERT INTO AUTA VALUES (AUTO_OSOBOWE('MARKA_OS1', 'MODEL1', 20000, DATE '2023-12-12', 30000, 4, 0));
INSERT INTO AUTA VALUES (AUTO_OSOBOWE('MARKA_OS2', 'MODEL2', 10000, DATE '2023-12-12', 40000, 5, 1));
INSERT INTO AUTA VALUES (AUTO_CIEZAROWE('MARKA_CI1', 'MODEL3', 30000, DATE '2023-12-12', 50000, 8000));
INSERT INTO AUTA VALUES (AUTO_CIEZAROWE('MARKA_CI2', 'MODEL4', 70000, DATE '2023-12-12', 60000, 12000));

SELECT A.MARKA, A.WARTOSC() FROM AUTA A;